run_id,time_s,peak_mem_mb,theoretical_macs
1,0.011490,73.72,98304
2,0.000309,72.78,98304
3,0.000358,75.66,98304
4,0.000133,74.28,98304
5,0.000127,75.44,98304
