run_id,time_s,peak_mem_mb,param_ratio
1,0.012779,75.67,0.7998
2,0.000254,83.00,0.8008
3,0.000275,78.86,0.8020
4,0.000267,87.73,0.7995
5,0.003276,84.64,0.7994
